<?xml version="1.0" encoding="UTF-8" standalone="yes"?>
<addon id="script.module.urlresolver" name="URLResolver"  version="2.10.13~beta3"  provider-name="Eldorado">
  <requires>
    <import addon="xbmc.python" version="2.1.0" />
    <import addon="script.module.urlresolver" version="2.10.0"/>
  </requires>
  <extension point="xbmc.python.module" library="lib" />
    <extension point="xbmc.python.pluginsource" library="default.py"/>
  <extension point="xbmc.addon.metadata">
    <platform>all</platform>
    <summary lang="en">Resolve common video host URL's to be playable in XBMC/Kodi.</summary>
    <description lang="en">Resolve common video host URL's to be playable in XBMC/Kodi, simplify addon development of video plugins requiring multi video hosts.</description>    
  </extension>
</addon>
