<?xml version="1.0" encoding="UTF-8"?>
<addon
  id="plugin.video.dancetrippintv"
  version="1.2.0"
  name="DanceTrippinTV"
  provider-name="Jin">
  <requires>
   <import addon="xbmc.python" version="2.1.0"/>
   <import addon="script.module.requests" version="2.4.3"/>
  </requires>
  <extension 
    point="xbmc.python.pluginsource"
    library="default.py">
   <provides>video</provides>
  </extension>
  <extension point="xbmc.addon.metadata">
    <summary>DanceTrippin - The Party's At Your House</summary>
    <description>The best house, tech-house, techno DJ sets in video and audio</description>
    <platform>all</platform>
  </extension>
</addon>
