<?xml version="1.0" encoding="UTF-8"?>
<addon
  id="skin.kaosbox.helix"
  version="3.0.3"
  name="KAOSbox skin"
  provider-name="KAOSbox">
  <requires>
    <import addon="xbmc.gui" version="5.3.0"/>
    <import addon="script.artistslideshow" version="1.8.0"/>
    <import addon="service.library.data.provider" version="0.0.6"/>
    <import addon="script.favourites" version="5.0.2"/>
  </requires>
  <extension
    point="xbmc.gui.skin"
    defaultthemename="textures.xbt"
    debugging="false"
    effectslowdown="0.00">
    <res width="1280" height="720" aspect="16:9" default="true" folder="720p" />
  </extension>
  <extension point="xbmc.addon.metadata">
   <summary lang="en">KAOSbox skin</summary>
  <description lang="en">Default skin for KAOSbox</description>
    <platform>all</platform>
  </extension>
</addon>
