<?xml version="1.0" encoding="UTF-8" standalone="yes"?>
<addon id="script.upgrade.kaosbox-v3" name="KAOSbox Upgrade voor Versie 3" version="1.0.1" provider-name="KAOSbox">
	<requires>
		<import addon="xbmc.python" version="2.14.0"/>
	</requires>
	<extension point="xbmc.python.script" library="default.py">
		<provides>executable</provides>
	</extension>
	<extension point="xbmc.addon.metadata">
		<platform>all</platform>
		<summary lang="en">KAOSbox Upgrade voor Versie 3</summary>
		<description lang="en">KAOSbox Upgrade voor Versie 3</description>
		<language></language>
	</extension>
</addon>